ID_TKB,ID_Teacher,ID_Time,ID_Class,ID_Subject
TKB01,GV01,T2S1,12A7,EXA15
TKB02,GV01,T2S2,12A7,EXA15
TKB03,GV01,T2S3,12A7,MAT01
TKB04,GV01,T2S4,12A7,MAT01
TKB05,GV01,T2S5,10C8,MAT01
TKB06,GV01,T2C1,10C1,MAT01
TKB07,GV01,T2C2,10C1,MAT01
TKB08,GV01,T4S3,12A7,MAT01
TKB09,GV01,T4S4,12A7,MAT01
TKB10,GV01,T4S5,10C8,MAT01
TKB11,GV01,T5S1,10C10,MAT01
TKB12,GV01,T5S3,10C12,MAT01
TKB13,GV01,T5S4,10C8,MAT01
TKB14,GV01,T5S5,12A7,EXA15
TKB15,GV01,T6S1,12A7,MAT01
TKB16,GV01,T6S2,10C8,MAT01
TKB17,GV01,T6S3,10C8,MAT01
TKB18,GV01,T6S4,10C10,MAT01
TKB19,GV01,T6S5,10C10,MAT01
TKB20,GV01,T6C1,10C10,MAT01
TKB21,GV01,T6C2,10C12,MAT01
TKB22,GV01,T6C3,12A7,EXA15
TKB23,GV02,T2S2,12A1,EXA15
TKB24,GV02,T2C1,12A1,MAT01
TKB25,GV02,T2C2,11B1,MAT01
TKB26,GV02,T2C3,12A1,EXA15
TKB27,GV02,T2C4,11B10,MAT01
TKB28,GV02,T3C1,12A4,MAT01
TKB29,GV02,T3C3,11B5,MAT01
TKB30,GV02,T4S1,12A1,MAT01
TKB31,GV02,T4S2,12A1,MAT01
TKB32,GV02,T4S3,11B5,MAT01
TKB33,GV02,T4S4,12A1,EXA15
TKB34,GV02,T4S5,11B10,MAT01
TKB35,GV02,T5S1,12A1,MAT01
TKB36,GV02,T5S3,12A1,MAT01
TKB37,GV02,T5S4,12A4,MAT01
TKB38,GV02,T5S5,12A4,MAT01
TKB39,GV02,T5C1,11B5,MAT01
TKB40,GV02,T5C2,11B5,MAT01
TKB41,GV02,T6S1,11B10,MAT01
TKB42,GV02,T6S2,11B10,MAT01
TKB43,GV02,T6S3,11B5,MAT01
TKB44,GV02,T6S4,11B5,MAT01
TKB45,GV02,T6S5,12A4,MAT01
TKB46,GV02,T6C1,12A1,MAT01
TKB47,GV02,T6C2,12A4,MAT01
TKB48,GV03,T2S1,10C1,EXA15
TKB49,GV03,T2S2,10C1,EXA15
TKB50,GV03,T2S3,10C1,MAT01
TKB51,GV03,T2S5,10C9,MAT01
TKB52,GV03,T2C1,12A2,MAT01
TKB53,GV03,T2C2,10C11,MAT01
TKB54,GV03,T2C3,10C11,MAT01
TKB55,GV03,T3C1,12A2,MAT01
TKB56,GV03,T3C2,12A2,MAT01
TKB57,GV03,T3C3,10C1,MAT01
TKB58,GV03,T4S1,10C9,MAT01
TKB59,GV03,T4S2,10C9,MAT01
TKB60,GV03,T4S3,12A2,MAT01
TKB61,GV03,T4S5,10C1,EXA15
TKB62,GV03,T5S1,12A2,MAT01
TKB63,GV03,T5S2,10C1,EXA15
TKB64,GV03,T5S4,10C9,MAT01
TKB65,GV03,T5S5,10C11,MAT01
TKB66,GV03,T5C1,10C11,MAT01
TKB67,GV03,T5C2,10C1,MAT01
TKB68,GV03,T5C3,10C1,MAT01
TKB69,GV03,T6S4,12A2,MAT01
TKB70,GV03,T6S5,10C1,MAT01
TKB71,GV04,T2S1,12A3,EXA15
TKB72,GV04,T2S2,12A3,EXA15
TKB73,GV04,T2S3,10C4,MAT01
TKB74,GV04,T2S4,12A3,EXA15
TKB75,GV04,T2S5,10C2,MAT01
TKB76,GV04,T2C1,12A3,MAT01
TKB77,GV04,T2C3,10C2,MAT01
TKB78,GV04,T2C4,12A3,MAT01
TKB79,GV04,T4S1,12A3,MAT01
TKB80,GV04,T4S2,10C4,MAT01
TKB81,GV04,T4S3,10C4,MAT01
TKB82,GV04,T4S4,10C2,MAT01
TKB83,GV04,T4S5,10C2,MAT01
TKB84,GV04,T6S1,12A3,EXA15
TKB85,GV04,T6S2,10C2,MAT01
TKB86,GV04,T6S3,12A3,MAT01
TKB87,GV04,T6S4,12A3,MAT01
TKB88,GV04,T6S5,10C4,MAT01
TKB89,GV04,T6C1,12A3,MAT01
TKB90,GV04,T6C2,10C4,MAT01
TKB91,GV05,T2S1,11B7,EXA15
TKB92,GV05,T2S2,11B7,EXA15
TKB93,GV05,T2S3,11B3,MAT01
TKB94,GV05,T2S4,11B7,MAT01
TKB95,GV05,T2S5,10C7,MAT01
TKB96,GV05,T2C1,10C5,MAT01
TKB97,GV05,T2C2,11B7,MAT01
TKB98,GV05,T2C3,11B3,MAT01
TKB99,GV05,T2C4,11B3,MAT01
TKB100,GV05,T4S1,10C5,MAT01
TKB101,GV05,T4S2,10C7,MAT01
TKB102,GV05,T4S3,11B7,EXA15
TKB103,GV05,T5S1,11B3,MAT01
TKB104,GV05,T5S2,11B7,MAT01
TKB105,GV05,T5S3,11B7,EXA15
TKB106,GV05,T5S4,10C5,MAT01
TKB107,GV05,T5S5,11B3,MAT01
TKB108,GV05,T5C1,10C5,MAT01
TKB109,GV05,T5C2,10C7,MAT01
TKB110,GV05,T5C3,11B3,MAT01
TKB111,GV05,T6S1,10C7,MAT01
TKB112,GV05,T6S2,10C7,MAT01
TKB113,GV05,T6S3,10C5,MAT01
TKB114,GV05,T6S4,11B7,MAT01
TKB115,GV05,T6S5,11B7,MAT01
TKB116,GV06,T2S1,12A6,EXA15
TKB117,GV06,T2S2,12A6,EXA15
TKB118,GV06,T2C2,11B6,MAT01
TKB119,GV06,T2C3,11B6,MAT01
TKB120,GV06,T2C4,11B8,MAT01
TKB121,GV06,T3S1,11B8,MAT01
TKB122,GV06,T3S4,11B11,MAT01
TKB123,GV06,T3S5,11B11,MAT01
TKB124,GV06,T3C1,12A6,MAT01
TKB125,GV06,T3C2,12A6,MAT01
TKB126,GV06,T4S1,12A6,MAT01
TKB127,GV06,T4S2,11B8,MAT01
TKB128,GV06,T4S4,11B6,MAT01
TKB129,GV06,T4S5,11B6,MAT01
TKB130,GV06,T4C2,11B11,MAT01
TKB131,GV06,T4C3,11B11,MAT01
TKB132,GV06,T5S2,12A6,MAT01
TKB133,GV06,T5S3,11B6,MAT01
TKB134,GV06,T5S4,12A6,EXA15
TKB135,GV06,T5C1,11B11,MAT01
TKB136,GV06,T6S2,11B8,MAT01
TKB137,GV06,T6S3,11B8,MAT01
TKB138,GV06,T6S4,12A6,EXA15
TKB139,GV06,T6S5,12A6,MAT01
TKB140,GV06,T6C1,11B6,MAT01
TKB141,GV07,T2S1,12A5,EXA15
TKB142,GV07,T2S2,12A5,EXA15
TKB143,GV07,T4S1,11B1,MAT01
TKB144,GV07,T4S2,12A5,MAT01
TKB145,GV07,T4S3,12A5,MAT01
TKB146,GV07,T4S4,12A8,MAT01
TKB147,GV07,T4S5,12A8,MAT01
TKB148,GV07,T5S2,12A8,MAT01
TKB149,GV07,T5S4,12A5,EXA15
TKB150,GV07,T5S5,12A5,MAT01
TKB151,GV07,T5C1,11B1,MAT01
TKB152,GV07,T5C2,11B1,MAT01
TKB153,GV07,T5C3,11B1,MAT01
TKB154,GV07,T6S1,11B1,MAT01
TKB155,GV07,T6S2,11B1,MAT01
TKB156,GV07,T6S3,12A5,MAT01
TKB157,GV07,T6S4,12A8,MAT01
TKB158,GV07,T6S5,12A8,MAT01
TKB159,GV07,T6C1,12A5,EXA15
TKB160,GV07,T6C2,12A5,MAT01
TKB161,GV07,T6C3,12A5,MAT01
TKB162,GV08,T2S3,10C3,MAT01
TKB163,GV08,T2S4,11B2,MAT01
TKB164,GV08,T2S5,11B2,MAT01
TKB165,GV08,T2C1,10C6,MAT01
TKB166,GV08,T2C2,11B9,MAT01
TKB167,GV08,T2C3,11B9,MAT01
TKB168,GV08,T2C4,11B4,MAT01
TKB169,GV08,T3C1,11B2,MAT01
TKB170,GV08,T3C2,10C3,MAT01
TKB171,GV08,T3C3,11B4,MAT01
TKB172,GV08,T4S1,10C6,MAT01
TKB173,GV08,T4S2,10C6,MAT01
TKB174,GV08,T4S3,10C3,MAT01
TKB175,GV08,T4S4,11B4,MAT01
TKB176,GV08,T4S5,11B4,MAT01
TKB177,GV08,T5S1,10C6,MAT01
TKB178,GV08,T5S2,10C6,MAT01
TKB179,GV08,T5S4,11B2,MAT01
TKB180,GV08,T5S5,11B9,MAT01
TKB181,GV08,T5C1,11B9,MAT01
TKB182,GV08,T5C2,10C3,MAT01
TKB183,GV08,T5C3,10C3,MAT01
TKB184,GV08,T6S2,11B2,MAT01
TKB185,GV08,T6S3,11B2,MAT01
TKB186,GV08,T6C1,11B9,MAT01
TKB187,GV08,T6C2,11B4,MAT01
TKB188,GV08,T6C3,11B4,MAT01
TKB189,GV09,T2C1,11B1,PHY02
TKB190,GV09,T2C3,11B10,PHY02
TKB191,GV09,T2C4,11B6,TEC14
TKB192,GV09,T3S1,11B10,PHY02
TKB193,GV09,T3S3,12A3,PHY02
TKB194,GV09,T3S4,11B1,PHY02
TKB195,GV09,T3S5,11B1,PHY02
TKB196,GV09,T3C1,10C5,TEC14
TKB197,GV09,T3C2,12A3,PHY02
TKB198,GV09,T6S1,10C5,TEC14
TKB199,GV09,T6S2,11B4,TEC14
TKB200,GV09,T6S3,11B1,PHY02
TKB201,GV09,T6S4,10C4,TEC14
TKB202,GV09,T6S5,12A3,PHY02
TKB203,GV09,T6C1,11B4,TEC14
TKB204,GV09,T6C2,11B6,TEC14
TKB205,GV09,T6C3,10C4,TEC14
TKB206,GV10,T2S1,11B2,EXA15
TKB207,GV10,T2S2,11B2,EXA15
TKB208,GV10,T2S3,11B5,TEC14
TKB209,GV10,T2S4,12A1,PHY02
TKB210,GV10,T2S5,12A7,PHY02
TKB211,GV10,T3S2,11B2,PHY02
TKB212,GV10,T3S3,11B2,PHY02
TKB213,GV10,T3S4,12A1,PHY02
TKB214,GV10,T3S5,11B2,EXA15
TKB215,GV10,T5S2,11B2,PHY02
TKB216,GV10,T5S4,12A1,PHY02
TKB217,GV10,T5S5,11B5,TEC14
TKB218,GV10,T6C1,11B2,EXA15
TKB219,GV10,T6C2,12A7,PHY02
TKB220,GV10,T6C3,11B2,PHY02
TKB221,GV11,T2S1,10C2,EXA15
TKB222,GV11,T2S2,10C2,EXA15
TKB223,GV11,T2C1,10C2,PHY02
TKB224,GV11,T2C2,10C8,PHY02
TKB225,GV11,T3S1,11B3,PHY02
TKB226,GV11,T3S2,11B3,PHY02
TKB227,GV11,T3S3,10C8,PHY02
TKB228,GV11,T3S4,10C8,PHY02
TKB229,GV11,T3S5,10C2,EXA15
TKB230,GV11,T5S1,10C2,PHY02
TKB231,GV11,T5S2,10C2,PHY02
TKB232,GV11,T5S4,10C2,EXA15
TKB233,GV11,T6S1,11B3,PHY02
TKB234,GV11,T6S2,11B3,PHY02
TKB235,GV11,T6S4,10C8,PHY02
TKB236,GV11,T6S5,10C2,PHY02
TKB237,GV12,T2S1,10C3,EXA15
TKB238,GV12,T2S2,10C3,EXA15
TKB239,GV12,T2S3,11B4,PHY02
TKB240,GV12,T2S4,10C3,EXA15
TKB241,GV12,T2S5,10C3,PHY02
TKB242,GV12,T2C1,11B4,PHY02
TKB243,GV12,T2C2,10C7,PHY02
TKB244,GV12,T2C3,10C7,PHY02
TKB245,GV12,T3S1,11B4,PHY02
TKB246,GV12,T3S2,10C7,PHY02
TKB247,GV12,T3S3,10C3,EXA15
TKB248,GV12,T3S4,10C3,PHY02
TKB249,GV12,T3S5,10C3,PHY02
TKB250,GV12,T5S1,11B1,LOC16
TKB251,GV12,T5S2,11B4,PHY02
TKB252,GV12,T5S3,11B11,LOC16
TKB253,GV12,T5S5,10C7,PHY02
TKB254,GV12,T6S1,11B2,LOC16
TKB255,GV12,T6S3,10C3,PHY02
TKB256,GV13,T2C1,10C7,LOC16
TKB257,GV13,T2C2,12A5,PHY02
TKB258,GV13,T2C3,10C12,PHY02
TKB259,GV13,T3S1,12A5,PHY02
TKB260,GV13,T3S2,12A5,PHY02
TKB261,GV13,T3S3,10C12,TEC14
TKB262,GV13,T3S4,10C6,TEC14
TKB263,GV13,T3S5,10C11,LOC16
TKB264,GV13,T3C1,10C1,PHY02
TKB265,GV13,T3C2,10C1,PHY02
TKB266,GV13,T3C3,11B6,LOC16
TKB267,GV13,T6S1,10C6,LOC16
TKB268,GV13,T6S2,10C6,TEC14
TKB269,GV13,T6S4,10C12,PHY02
TKB270,GV13,T6S5,11B5,LOC16
TKB271,GV13,T6C1,10C1,PHY02
TKB272,GV13,T6C2,10C1,PHY02
TKB273,GV13,T6C3,10C12,TEC14
TKB274,GV14,T2S1,11B1,EXA15
TKB275,GV14,T2S2,11B1,EXA15
TKB276,GV14,T2S3,11B2,CHE03
TKB277,GV14,T2S4,11B1,CHE03
TKB278,GV14,T2S5,12A5,CHE03
TKB279,GV14,T3S2,12A4,CHE03
TKB280,GV14,T3S3,12A4,CHE03
TKB281,GV14,T3S4,11B2,CHE03
TKB282,GV14,T3S5,12A5,CHE03
TKB283,GV14,T3C1,11B1,CHE03
TKB284,GV14,T3C2,11B1,CHE03
TKB285,GV14,T3C3,12A4,CHE03
TKB286,GV14,T4C1,11B1,CHE03
TKB287,GV14,T4C2,11B2,CHE03
TKB288,GV14,T4C3,11B1,EXA15
TKB289,GV14,T5S1,11B2,CHE03
TKB290,GV14,T5S2,12A5,CHE03
TKB291,GV14,T5S3,11B1,EXA15
TKB292,GV14,T5S4,11B7,CHE03
TKB293,GV14,T5S5,11B7,CHE03
TKB294,GV15,T2S1,11B6,EXA15
TKB295,GV15,T2S2,11B6,EXA15
TKB296,GV15,T2S3,10C2,CHE03
TKB297,GV15,T2S4,10C2,CHE03
TKB298,GV15,T3S2,11B6,CHE03
TKB299,GV15,T3S3,11B6,CHE03
TKB300,GV15,T4C1,10C5,CHE03
TKB301,GV15,T4C2,10C5,CHE03
TKB302,GV15,T4C3,11B4,CHE03
TKB303,GV15,T5S1,11B4,CHE03
TKB304,GV15,T5S2,11B6,CHE03
TKB305,GV15,T5S3,11B4,CHE03
TKB306,GV15,T5S4,11B4,CHE03
TKB307,GV15,T5S5,11B6,CHE03
TKB308,GV15,T5C1,11B8,CHE03
TKB309,GV15,T5C2,10C2,CHE03
TKB310,GV15,T5C3,11B6,EXA15
TKB311,GV15,T6S1,10C2,CHE03
TKB312,GV15,T6S2,10C5,CHE03
TKB313,GV15,T6S3,11B6,EXA15
TKB314,GV15,T6S4,10C5,CHE03
TKB315,GV15,T6S5,11B8,CHE03
TKB316,GV16,T2S1,10C4,EXA15
TKB317,GV16,T2S2,10C4,EXA15
TKB318,GV16,T2S3,10C6,CHE03
TKB319,GV16,T2S4,12A6,CHE03
TKB320,GV16,T2C1,10C4,EXA15
TKB321,GV16,T2C2,10C4,CHE03
TKB322,GV16,T2C3,10C3,CHE03
TKB323,GV16,T2C4,12A2,CHE03
TKB324,GV16,T3S3,12A6,CHE03
TKB325,GV16,T3S4,10C4,CHE03
TKB326,GV16,T3S5,10C4,CHE03
TKB327,GV16,T4C1,10C3,CHE03
TKB328,GV16,T4C2,10C3,CHE03
TKB329,GV16,T4C3,10C6,CHE03
TKB330,GV16,T6S1,12A2,CHE03
TKB331,GV16,T6S2,12A2,CHE03
TKB332,GV16,T6S3,10C4,CHE03
TKB333,GV16,T6S4,10C6,CHE03
TKB334,GV16,T6S5,10C6,CHE03
TKB335,GV16,T6C1,10C4,EXA15
TKB336,GV16,T6C3,10C3,CHE03
TKB337,GV17,T2C1,10C1,CHE03
TKB338,GV17,T2C2,10C1,CHE03
TKB339,GV17,T2C3,10C10,LOC16
TKB340,GV17,T6S3,10C1,CHE03
TKB341,GV17,T6S4,10C1,CHE03
TKB342,GV17,T6S5,10C3,LOC16
TKB343,GV18,T3S1,12A8,CHE03
TKB344,GV18,T3S2,11B11,CHE03
TKB345,GV18,T3S4,11B5,CHE03
TKB346,GV18,T3S5,11B3,CHE03
TKB347,GV18,T3C1,12A3,CHE03
TKB348,GV18,T3C2,12A1,CHE03
TKB349,GV18,T3C3,12A1,CHE03
TKB350,GV18,T5S1,11B5,CHE03
TKB351,GV18,T5S2,11B11,CHE03
TKB352,GV18,T5S4,11B5,CHE03
TKB353,GV18,T5S5,12A1,CHE03
TKB354,GV18,T6S1,11B5,CHE03
TKB355,GV18,T6S3,11B3,CHE03
TKB356,GV18,T6S4,11B3,CHE03
TKB357,GV18,T6S5,11B3,CHE03
TKB358,GV18,T6C1,12A8,CHE03
TKB359,GV18,T6C2,12A3,CHE03
TKB360,GV18,T6C3,12A3,CHE03
TKB361,GV19,T2S3,12A3,TEC14
TKB362,GV19,T2S4,10C6,BIO04
TKB363,GV19,T2S5,10C6,BIO04
TKB364,GV19,T2C1,12A4,BIO04
TKB365,GV19,T2C2,12A1,BIO04
TKB366,GV19,T3S1,12A3,TEC14
TKB367,GV19,T3S2,10C4,BIO04
TKB368,GV19,T3S3,10C4,BIO04
TKB369,GV19,T3S4,10C5,BIO04
TKB370,GV19,T3S5,10C5,BIO04
TKB371,GV19,T3C1,10C2,BIO04
TKB372,GV19,T3C2,10C5,BIO04
TKB373,GV19,T3C3,12A7,TEC14
TKB374,GV19,T4S1,10C8,BIO04
TKB375,GV19,T4S2,10C8,BIO04
TKB376,GV19,T4S3,12A1,BIO04
TKB377,GV19,T4S4,10C5,BIO04
TKB378,GV19,T4S5,10C7,BIO04
TKB379,GV19,T4C2,10C6,BIO04
TKB380,GV19,T4C3,10C1,BIO04
TKB381,GV19,T5S1,10C7,BIO04
TKB382,GV19,T5S2,10C7,BIO04
TKB383,GV19,T5S3,10C8,BIO04
TKB384,GV19,T5S4,10C4,BIO04
TKB385,GV19,T5S5,10C3,BIO04
TKB386,GV19,T6S1,10C1,BIO04
TKB387,GV19,T6S2,10C4,BIO04
TKB388,GV19,T6S3,10C6,BIO04
TKB389,GV19,T6S4,10C2,BIO04
TKB390,GV19,T6S5,12A7,TEC14
TKB391,GV19,T6C1,12A4,BIO04
TKB392,GV19,T6C2,10C3,BIO04
TKB393,GV19,T6C3,12A4,BIO04
TKB394,GV20,T2S3,11B6,BIO04
TKB395,GV20,T2S4,11B3,BIO04
TKB396,GV20,T2C1,10C10,TEC14
TKB397,GV20,T2C3,10C9,TEC14
TKB398,GV20,T3S1,10C11,TEC14
TKB399,GV20,T3S2,11B1,BIO04
TKB400,GV20,T3S3,10C10,TEC14
TKB401,GV20,T3S4,12A2,BIO04
TKB402,GV20,T3S5,12A2,BIO04
TKB403,GV20,T3C1,11B5,BIO04
TKB404,GV20,T3C2,11B5,BIO04
TKB405,GV20,T3C3,12A3,BIO04
TKB406,GV20,T4S1,11B2,BIO04
TKB407,GV20,T4S2,11B5,BIO04
TKB408,GV20,T4S3,10C11,TEC14
TKB409,GV20,T4S4,11B3,BIO04
TKB410,GV20,T4S5,12A2,BIO04
TKB411,GV20,T4C1,11B9,BIO04
TKB412,GV20,T4C2,11B6,BIO04
TKB413,GV20,T4C3,11B6,BIO04
TKB414,GV20,T5S1,11B9,BIO04
TKB415,GV20,T5S2,11B5,BIO04
TKB416,GV20,T5S3,12A3,BIO04
TKB417,GV20,T5S4,11B6,BIO04
TKB418,GV20,T6C1,10C9,TEC14
TKB419,GV20,T6C2,11B2,BIO04
TKB420,GV20,T6C3,11B1,BIO04
TKB421,GV21,T3S4,11B4,MOS13
TKB422,GV21,T3S5,11B6,MOS13
TKB423,GV21,T3C1,10C3,MOS13
TKB424,GV21,T3C2,11B2,MOS13
TKB425,GV21,T4S1,11B11,MOS13
TKB426,GV21,T4S2,12A3,MOS13
TKB427,GV21,T4S3,12A3,MOS13
TKB428,GV21,T4S4,11B7,MOS13
TKB429,GV21,T4S5,12A7,MOS13
TKB430,GV21,T4C3,10C11,MOS13
TKB431,GV21,T4C4,10C11,MOS13
TKB432,GV21,T5S4,10C3,MOS13
TKB433,GV21,T5C2,11B6,MOS13
TKB434,GV21,T6S1,12A1,MOS13
TKB435,GV21,T6S2,12A1,MOS13
TKB436,GV21,T6S3,11B11,MOS13
TKB437,GV21,T6S4,12A5,MOS13
TKB438,GV21,T6S5,12A5,MOS13
TKB439,GV21,T6C1,12A7,MOS13
TKB440,GV21,T6C3,11B7,MOS13
TKB441,GV21,T6C4,11B4,MOS13
TKB442,GV21,T6C5,11B2,MOS13
TKB443,GV22,T2S3,12A1,IT05
TKB444,GV22,T2S4,12A4,MOS13
TKB445,GV22,T2S5,12A4,MOS13
TKB446,GV22,T2C1,12A6,IT05
TKB447,GV22,T2C2,12A8,MOS13
TKB448,GV22,T2C3,12A4,IT05
TKB449,GV22,T3S1,12A1,IT05
TKB450,GV22,T3S2,11B7,IT05
TKB451,GV22,T3S4,10C12,MOS13
TKB452,GV22,T3S5,12A4,IT05
TKB453,GV22,T3C1,11B6,IT05
TKB454,GV22,T3C2,11B3,IT05
TKB455,GV22,T3C3,12A8,MOS13
TKB456,GV22,T4S1,12A2,MOS13
TKB457,GV22,T4S2,12A2,MOS13
TKB458,GV22,T4S3,11B3,IT05
TKB459,GV22,T4S4,11B2,IT05
TKB460,GV22,T4S5,11B5,IT05
TKB461,GV22,T4C1,10C12,MOS13
TKB462,GV22,T4C2,10C2,MOS13
TKB463,GV22,T4C3,10C4,MOS13
TKB464,GV22,T5S4,10C10,MOS13
TKB465,GV22,T5S5,12A6,MOS13
TKB466,GV22,T5C1,10C4,MOS13
TKB467,GV22,T5C3,10C2,MOS13
TKB468,GV22,T6S1,11B7,IT05
TKB469,GV22,T6S2,10C10,MOS13
TKB470,GV22,T6S3,12A6,MOS13
TKB471,GV22,T6S4,12A4,IT05
TKB472,GV22,T6S5,11B2,IT05
TKB473,GV22,T6C1,12A6,IT05
TKB474,GV22,T6C2,11B5,IT05
TKB475,GV22,T6C3,11B6,IT05
TKB476,GV23,T2S3,10C10,IT05
TKB477,GV23,T2S4,10C5,IT05
TKB478,GV23,T2S5,11B8,MOS13
TKB479,GV23,T3S1,10C10,IT05
TKB480,GV23,T3S2,10C6,IT05
TKB481,GV23,T3S3,10C7,MOS13
TKB482,GV23,T3C3,10C11,IT05
TKB483,GV23,T4S1,10C4,IT05
TKB484,GV23,T4S2,11B1,IT05
TKB485,GV23,T4S3,10C9,IT05
TKB486,GV23,T4S4,11B10,MOS13
TKB487,GV23,T4C1,11B8,IT05
TKB488,GV23,T4C2,10C11,IT05
TKB489,GV23,T5S1,10C1,MOS13
TKB490,GV23,T5S2,10C9,IT05
TKB491,GV23,T5S3,11B8,IT05
TKB492,GV23,T5S5,10C4,IT05
TKB493,GV23,T5C1,11B10,MOS13
TKB494,GV23,T6S2,10C1,MOS13
TKB495,GV23,T6S3,10C7,MOS13
TKB496,GV23,T6S4,11B8,MOS13
TKB497,GV23,T6S5,10C5,IT05
TKB498,GV23,T6C2,11B1,IT05
TKB499,GV23,T6C3,10C6,IT05
TKB500,GV24,T2S3,11B1,MOS13
TKB501,GV24,T2S4,10C9,MOS13
TKB502,GV24,T2S5,11B5,MOS13
TKB503,GV24,T2C1,11B3,MOS13
TKB504,GV24,T3S2,11B9,MOS13
TKB505,GV24,T3S3,10C5,MOS13
TKB506,GV24,T3C3,10C8,MOS13
TKB507,GV24,T4S3,11B1,MOS13
TKB508,GV24,T4C1,10C6,MOS13
TKB509,GV24,T5S1,10C5,MOS13
TKB510,GV24,T5S5,10C6,MOS13
TKB511,GV24,T5C2,11B9,MOS13
TKB512,GV24,T5C3,11B5,MOS13
TKB513,GV24,T6S1,10C8,MOS13
TKB514,GV24,T6C2,10C9,MOS13
TKB515,GV24,T6C3,11B3,MOS13
TKB516,GV25,T2S1,12A2,EXA15
TKB517,GV25,T2S2,12A2,EXA15
TKB518,GV25,T2S3,10C7,LIT06
TKB519,GV25,T2S4,12A2,LIT06
TKB520,GV25,T2S5,12A2,EXA15
TKB521,GV25,T2C1,10C9,LIT06
TKB522,GV25,T2C2,10C9,LIT06
TKB523,GV25,T2C3,12A7,LIT06
TKB524,GV25,T2C4,12A7,LIT06
TKB525,GV25,T3S1,10C7,LIT06
TKB526,GV25,T3S2,12A2,LIT06
TKB527,GV25,T3S3,12A2,LIT06
TKB528,GV25,T3S4,10C7,LIT06
TKB529,GV25,T3S5,12A7,LIT06
TKB530,GV25,T3C1,10C4,LIT06
TKB531,GV25,T3C2,10C9,LIT06
TKB532,GV25,T3C3,10C9,LIT06
TKB533,GV25,T4C1,10C4,LIT06
TKB534,GV25,T4C2,10C4,LIT06
TKB535,GV25,T4C3,10C7,LIT06
TKB536,GV25,T5S1,10C4,LIT06
TKB537,GV25,T5S2,12A2,LIT06
TKB538,GV25,T5S3,12A7,LIT06
TKB539,GV25,T5S4,12A7,LIT06
TKB540,GV25,T5S5,12A2,EXA15
TKB541,GV25,T5C2,10C9,LIT06
TKB542,GV25,T5C3,10C9,LIT06
TKB543,GV25,T6S1,10C4,LIT06
TKB544,GV25,T6S2,12A7,LIT06
TKB545,GV25,T6S3,12A2,LIT06
TKB546,GV25,T6S4,10C7,LIT06
TKB547,GV25,T6S5,10C7,LIT06
TKB548,GV26,T2S1,10C11,EXA15
TKB549,GV26,T2S2,10C11,EXA15
TKB550,GV26,T2S3,10C11,LIT06
TKB551,GV26,T2S4,10C11,LIT06
TKB552,GV26,T2S5,12A6,LIT06
TKB553,GV26,T2C1,10C3,LIT06
TKB554,GV26,T2C2,10C3,LIT06
TKB555,GV26,T2C3,10C8,LIT06
TKB556,GV26,T3S1,12A6,LIT06
TKB557,GV26,T3S2,12A6,LIT06
TKB558,GV26,T3S3,10C11,LIT06
TKB559,GV26,T3S4,10C11,EXA15
TKB560,GV26,T3S5,10C1,LIT06
TKB561,GV26,T3C1,10C8,LIT06
TKB562,GV26,T3C2,10C8,LIT06
TKB563,GV26,T3C3,10C3,LIT06
TKB564,GV26,T5S1,12A6,LIT06
TKB565,GV26,T5S2,10C3,LIT06
TKB566,GV26,T5S3,10C11,EXA15
TKB567,GV26,T5S4,10C1,LIT06
TKB568,GV26,T5S5,10C1,LIT06
TKB569,GV26,T5C1,10C1,LIT06
TKB570,GV26,T5C2,10C11,LIT06
TKB571,GV26,T5C3,10C11,LIT06
TKB572,GV26,T6S1,12A6,LIT06
TKB573,GV26,T6S2,12A6,LIT06
TKB574,GV26,T6S3,10C11,LIT06
TKB575,GV26,T6S4,10C3,LIT06
TKB576,GV26,T6S5,10C8,LIT06
TKB577,GV26,T6C1,10C8,LIT06
TKB578,GV26,T6C2,10C8,LIT06
TKB579,GV26,T6C3,10C1,LIT06
TKB580,GV27,T2S1,10C10,EXA15
TKB581,GV27,T2S2,10C10,EXA15
TKB582,GV27,T2S3,11B8,LIT06
TKB583,GV27,T2S4,10C10,LIT06
TKB584,GV27,T2S5,10C10,LIT06
TKB585,GV27,T3S1,11B5,LIT06
TKB586,GV27,T3S2,10C10,EXA15
TKB587,GV27,T3S3,11B1,LIT06
TKB588,GV27,T3S4,11B8,LIT06
TKB589,GV27,T3S5,11B8,LIT06
TKB590,GV27,T3C1,10C10,LIT06
TKB591,GV27,T3C2,10C10,LIT06
TKB592,GV27,T3C3,11B8,LIT06
TKB593,GV27,T4C1,11B5,LIT06
TKB594,GV27,T4C2,11B1,LIT06
TKB595,GV27,T6S1,11B8,LIT06
TKB596,GV27,T6S2,11B5,LIT06
TKB597,GV27,T6S3,10C10,EXA15
TKB598,GV27,T6S4,11B1,LIT06
TKB599,GV27,T6S5,11B1,LIT06
TKB600,GV27,T6C1,11B5,LIT06
TKB601,GV27,T6C2,10C10,LIT06
TKB602,GV27,T6C3,10C10,LIT06
TKB603,GV28,T2S1,12A4,EXA15
TKB604,GV28,T2S2,12A4,EXA15
TKB605,GV28,T2S3,12A4,EXA15
TKB606,GV28,T2S4,11B10,LIT06
TKB607,GV28,T2S5,12A1,LIT06
TKB608,GV28,T2C2,12A4,EXA15
TKB609,GV28,T2C3,11B4,LIT06
TKB610,GV28,T2C4,12A4,LIT06
TKB611,GV28,T3S1,12A4,LIT06
TKB612,GV28,T3S2,12A1,LIT06
TKB613,GV28,T3S3,12A1,LIT06
TKB614,GV28,T3S4,11B10,LIT06
TKB615,GV28,T3S5,12A1,LIT06
TKB616,GV28,T3C1,12A1,LIT06
TKB617,GV28,T3C2,12A4,LIT06
TKB618,GV28,T3C3,11B3,LIT06
TKB619,GV28,T4C1,11B4,LIT06
TKB620,GV28,T4C2,11B4,LIT06
TKB621,GV28,T4C3,11B3,LIT06
TKB622,GV28,T5C1,11B3,LIT06
TKB623,GV28,T5C2,11B3,LIT06
TKB624,GV28,T5C3,11B10,LIT06
TKB625,GV28,T6S1,12A4,LIT06
TKB626,GV28,T6S2,12A4,LIT06
TKB627,GV28,T6S3,11B10,LIT06
TKB628,GV28,T6S4,11B10,LIT06
TKB629,GV28,T6S5,11B4,LIT06
TKB630,GV29,T2S1,10C12,EXA15
TKB631,GV29,T2S2,10C12,EXA15
TKB632,GV29,T2S3,10C12,EXA15
TKB633,GV29,T2S4,10C12,LIT06
TKB634,GV29,T2S5,10C12,LIT06
TKB635,GV29,T2C1,12A5,LIT06
TKB636,GV29,T2C2,10C6,LIT06
TKB637,GV29,T2C3,10C6,LIT06
TKB638,GV29,T3S1,10C6,LIT06
TKB639,GV29,T3S3,10C2,LIT06
TKB640,GV29,T3S4,12A5,LIT06
TKB641,GV29,T3S5,10C12,LIT06
TKB642,GV29,T3C1,10C12,LIT06
TKB643,GV29,T3C2,12A5,LIT06
TKB644,GV29,T3C3,12A5,LIT06
TKB645,GV29,T5S1,10C12,LIT06
TKB646,GV29,T5S3,10C6,LIT06
TKB647,GV29,T5S4,10C6,LIT06
TKB648,GV29,T5S5,10C2,LIT06
TKB649,GV29,T6S1,10C12,EXA15
TKB650,GV29,T6S2,12A5,LIT06
TKB651,GV29,T6S3,10C2,LIT06
TKB652,GV29,T6S5,10C12,LIT06
TKB653,GV29,T6C2,10C2,LIT06
TKB654,GV29,T6C3,10C2,LIT06
TKB655,GV30,T2S1,12A8,EXA15
TKB656,GV30,T2S2,12A8,EXA15
TKB657,GV30,T2C1,12A8,LIT06
TKB658,GV30,T2C2,12A3,LIT06
TKB659,GV30,T2C3,12A3,LIT06
TKB660,GV30,T3S1,11B6,LIT06
TKB661,GV30,T3S2,12A3,LIT06
TKB662,GV30,T3S3,12A8,EXA15
TKB663,GV30,T3S5,11B7,LIT06
TKB664,GV30,T3C1,11B7,LIT06
TKB665,GV30,T3C2,12A8,LIT06
TKB666,GV30,T3C3,11B7,LIT06
TKB667,GV30,T4C1,11B6,LIT06
TKB668,GV30,T5S1,12A8,EXA15
TKB669,GV30,T5S2,12A3,LIT06
TKB670,GV30,T5S4,12A8,LIT06
TKB671,GV30,T5S5,12A3,LIT06
TKB672,GV30,T6S2,11B7,LIT06
TKB673,GV30,T6S3,11B7,LIT06
TKB674,GV30,T6S4,11B6,LIT06
TKB675,GV30,T6S5,11B6,LIT06
TKB676,GV30,T6C2,12A8,LIT06
TKB677,GV30,T6C3,12A8,LIT06
TKB678,GV31,T2S1,11B9,EXA15
TKB679,GV31,T2S2,11B9,EXA15
TKB680,GV31,T2S3,11B9,LIT06
TKB681,GV31,T2S4,11B11,LIT06
TKB682,GV31,T2S5,11B11,LIT06
TKB683,GV31,T2C1,11B11,LIT06
TKB684,GV31,T2C2,11B2,LIT06
TKB685,GV31,T2C3,10C5,LIT06
TKB686,GV31,T2C4,11B9,EXA15
TKB687,GV31,T3S1,10C5,LIT06
TKB688,GV31,T3S2,10C5,LIT06
TKB689,GV31,T3S3,11B9,EXA15
TKB690,GV31,T3S5,11B9,LIT06
TKB691,GV31,T4C1,11B2,LIT06
TKB692,GV31,T4C2,11B9,LIT06
TKB693,GV31,T4C3,11B9,LIT06
TKB694,GV31,T5S1,11B11,LIT06
TKB695,GV31,T5S3,10C5,LIT06
TKB696,GV31,T5S4,11B9,LIT06
TKB697,GV31,T5S5,10C5,LIT06
TKB698,GV31,T5C2,11B2,LIT06
TKB699,GV31,T5C3,11B2,LIT06
TKB700,GV32,T2S1,11B4,EXA15
TKB701,GV32,T2S2,11B4,EXA15
TKB702,GV32,T2S4,11B5,HIS07
TKB703,GV32,T2S5,11B7,HIS07
TKB704,GV32,T2C1,11B6,HIS07
TKB705,GV32,T2C2,11B4,EXA15
TKB706,GV32,T2C3,11B8,HIS07
TKB707,GV32,T3C1,11B8,HIS07
TKB708,GV32,T3C2,11B8,HIS07
TKB709,GV32,T4S1,11B7,HIS07
TKB710,GV32,T4S2,11B4,EXA15
TKB711,GV32,T4S3,11B4,HIS07
TKB712,GV32,T4S4,11B5,HIS07
TKB713,GV32,T4S5,11B7,HIS07
TKB714,GV32,T4C1,10C1,HIS07
TKB715,GV32,T4C2,11B8,HIS07
TKB716,GV32,T4C3,10C2,HIS07
TKB717,GV32,T5C1,11B6,HIS07
TKB718,GV32,T5C2,11B7,HIS07
TKB719,GV32,T5C3,11B4,HIS07
TKB720,GV33,T2S1,10C8,EXA15
TKB721,GV33,T2S2,10C8,EXA15
TKB722,GV33,T2S3,10C9,HIS07
TKB723,GV33,T2S4,10C8,EXA15
TKB724,GV33,T2S5,10C11,HIS07
TKB725,GV33,T4S1,12A4,HIS07
TKB726,GV33,T4S2,10C3,HIS07
TKB727,GV33,T4S3,10C10,HIS07
TKB728,GV33,T4S4,10C11,HIS07
TKB729,GV33,T4S5,10C9,HIS07
TKB730,GV33,T5S3,10C10,HIS07
TKB731,GV33,T5S4,12A3,HIS07
TKB732,GV33,T5S5,10C8,HIS07
TKB733,GV33,T5C1,10C7,HIS07
TKB734,GV33,T5C2,10C4,HIS07
TKB735,GV33,T5C3,10C8,EXA15
TKB736,GV33,T6S1,10C10,HIS07
TKB737,GV33,T6S2,12A3,HIS07
TKB738,GV33,T6S3,12A4,HIS07
TKB739,GV33,T6S4,10C11,HIS07
TKB740,GV33,T6S5,10C9,HIS07
TKB741,GV34,T2S1,10C6,EXA15
TKB742,GV34,T2S2,10C6,EXA15
TKB743,GV34,T2S4,12A8,HIS07
TKB744,GV34,T2S5,11B4,LOC16
TKB745,GV34,T3C1,10C6,EXA15
TKB746,GV34,T3C2,10C12,HIS07
TKB747,GV34,T3C3,10C12,HIS07
TKB748,GV34,T4S1,12A7,HIS07
TKB749,GV34,T4S2,12A7,HIS07
TKB750,GV34,T4S3,10C5,HIS07
TKB751,GV34,T4S4,10C6,HIS07
TKB752,GV34,T4S5,10C6,EXA15
TKB753,GV34,T5S1,12A7,HIS07
TKB754,GV34,T5S3,11B3,LOC16
TKB755,GV34,T5S4,10C12,HIS07
TKB756,GV34,T5S5,12A8,HIS07
TKB757,GV34,T6S2,12A8,HIS07
TKB758,GV34,T6S4,12A1,HIS07
TKB759,GV34,T6S5,12A1,HIS07
TKB760,GV35,T2S3,12A2,HIS07
TKB761,GV35,T2S4,12A5,HIS07
TKB762,GV35,T2S5,11B3,HIS07
TKB763,GV35,T2C1,11B10,HIS07
TKB764,GV35,T2C2,12A2,HIS07
TKB765,GV35,T2C3,11B11,HIS07
TKB766,GV35,T2C4,11B1,HIS07
TKB767,GV35,T3C1,11B9,HIS07
TKB768,GV35,T3C2,11B9,HIS07
TKB769,GV35,T3C3,11B10,HIS07
TKB770,GV35,T4S1,11B3,HIS07
TKB771,GV35,T4S2,11B2,HIS07
TKB772,GV35,T4S3,11B9,HIS07
TKB773,GV35,T4S4,11B11,HIS07
TKB774,GV35,T4S5,12A6,HIS07
TKB775,GV35,T5S1,12A5,HIS07
TKB776,GV35,T5S2,11B10,HIS07
TKB777,GV35,T5S3,11B10,HIS07
TKB778,GV35,T6S1,11B11,HIS07
TKB779,GV35,T6S2,11B11,HIS07
TKB780,GV35,T6S4,11B2,HIS07
TKB781,GV35,T6S5,11B9,HIS07
TKB782,GV35,T6C1,11B1,HIS07
TKB783,GV35,T6C2,12A6,HIS07
TKB784,GV35,T6C3,12A6,HIS07
TKB785,GV36,T3C1,12A7,GEO08
TKB786,GV36,T3C2,12A7,GEO08
TKB787,GV36,T3C3,12A2,GEO08
TKB788,GV36,T4S1,12A8,GEO08
TKB789,GV36,T4S2,12A8,GEO08
TKB790,GV36,T4C1,10C11,GEO08
TKB791,GV36,T4C2,10C12,GEO08
TKB792,GV36,T4C3,10C12,GEO08
TKB793,GV36,T5S2,10C12,GEO08
TKB794,GV36,T5S3,12A8,GEO08
TKB795,GV36,T5S4,10C11,GEO08
TKB796,GV36,T6C1,12A2,GEO08
TKB797,GV36,T6C2,10C11,GEO08
TKB798,GV36,T6C3,10C11,GEO08
TKB799,GV37,T2S1,11B8,EXA15
TKB800,GV37,T2S2,11B8,EXA15
TKB801,GV37,T2S3,11B7,GEO08
TKB802,GV37,T2C1,11B7,GEO08
TKB803,GV37,T2C2,12A6,GEO08
TKB804,GV37,T2C3,12A6,GEO08
TKB805,GV37,T4S3,11B8,EXA15
TKB806,GV37,T4S4,11B8,GEO08
TKB807,GV37,T4S5,11B8,GEO08
TKB808,GV37,T5S3,12A6,GEO08
TKB809,GV37,T5S4,11B8,EXA15
TKB810,GV37,T5S5,11B8,GEO08
TKB811,GV37,T6C1,11B7,GEO08
TKB812,GV37,T6C2,11B7,GEO08
TKB813,GV37,T6C3,11B8,GEO08
TKB814,GV38,T2C1,10C8,GEO08
TKB815,GV38,T2C2,11B11,GEO08
TKB816,GV38,T4S1,10C7,GEO08
TKB817,GV38,T4S3,11B11,GEO08
TKB818,GV38,T4S4,10C10,GEO08
TKB819,GV38,T4S5,10C10,GEO08
TKB820,GV38,T4C1,11B10,GEO08
TKB821,GV38,T4C2,10C7,GEO08
TKB822,GV38,T4C3,10C8,GEO08
TKB823,GV38,T5S1,10C9,GEO08
TKB824,GV38,T5S2,11B9,GEO08
TKB825,GV38,T5S3,11B9,GEO08
TKB826,GV38,T5S4,11B11,GEO08
TKB827,GV38,T5S5,10C10,GEO08
TKB828,GV38,T5C1,10C9,GEO08
TKB829,GV38,T5C2,11B11,GEO08
TKB830,GV38,T5C3,10C10,GEO08
TKB831,GV38,T6S1,10C9,GEO08
TKB832,GV38,T6S2,10C9,GEO08
TKB833,GV38,T6S3,11B9,GEO08
TKB834,GV38,T6S4,11B9,GEO08
TKB835,GV38,T6C1,11B10,GEO08
TKB836,GV38,T6C2,11B10,GEO08
TKB837,GV39,T2S1,11B10,EXA15
TKB838,GV39,T2S2,11B10,EXA15
TKB839,GV39,T2S3,11B10,ENG09
TKB840,GV39,T2S5,11B10,EXA15
TKB841,GV39,T2C2,11B1,ENG09
TKB842,GV39,T2C3,11B1,ENG09
TKB843,GV39,T2C4,12A6,ENG09
TKB844,GV39,T3S1,11B1,NES17
TKB845,GV39,T3S2,11B10,EXA15
TKB846,GV39,T3S3,11B10,NES17
TKB847,GV39,T3S4,12A6,ENG09
TKB848,GV39,T3C2,11B10,ENG09
TKB849,GV39,T3C3,12A6,ENG09
TKB850,GV39,T4S1,11B10,ENG09
TKB851,GV39,T4S2,11B10,ENG09
TKB852,GV39,T4S3,11B10,NES17
TKB853,GV39,T4S4,12A4,ENG09
TKB854,GV39,T4S5,12A4,ENG09
TKB855,GV39,T5S2,11B1,ENG09
TKB856,GV39,T5S3,12A4,ENG09
TKB857,GV39,T5S4,11B1,NES17
TKB858,GV39,T5S5,11B1,ENG09
TKB859,GV40,T2S1,11B11,EXA15
TKB860,GV40,T2S2,11B11,EXA15
TKB861,GV40,T2S3,11B11,ENG09
TKB862,GV40,T2S4,11B9,ENG09
TKB863,GV40,T2S5,11B9,ENG09
TKB864,GV40,T2C1,11B9,ENG09
TKB865,GV40,T2C2,10C10,ENG09
TKB866,GV40,T2C4,11B11,EXA15
TKB867,GV40,T3S1,11B9,NES17
TKB868,GV40,T3S2,10C11,NES17
TKB869,GV40,T3S3,11B11,NES17
TKB870,GV40,T3S4,10C10,NES17
TKB871,GV40,T3S5,10C10,ENG09
TKB872,GV40,T3C1,11B11,ENG09
TKB873,GV40,T3C2,11B11,ENG09
TKB874,GV40,T3C3,11B2,ENG09
TKB875,GV40,T4S1,11B9,ENG09
TKB876,GV40,T4S2,11B11,NES17
TKB877,GV40,T4S3,11B2,NES17
TKB878,GV40,T4S4,11B9,NES17
TKB879,GV40,T4S5,11B11,EXA15
TKB880,GV40,T4C1,10C10,ENG09
TKB881,GV40,T4C2,10C10,ENG09
TKB882,GV40,T4C3,11B2,ENG09
TKB883,GV40,T5S1,10C11,NES17
TKB884,GV40,T5S2,10C10,NES17
TKB885,GV40,T5S3,11B2,NES17
TKB886,GV40,T5S5,11B2,ENG09
TKB887,GV40,T5C1,11B2,ENG09
TKB888,GV40,T5C3,11B11,ENG09
TKB889,GV41,T2S1,10C5,EXA15
TKB890,GV41,T2S2,10C5,EXA15
TKB891,GV41,T2S3,10C5,EXA15
TKB892,GV41,T2S4,11B4,ENG09
TKB893,GV41,T2S5,10C5,ENG09
TKB894,GV41,T3S1,11B7,ENG09
TKB895,GV41,T3S2,11B4,NES17
TKB896,GV41,T3S3,11B4,ENG09
TKB897,GV41,T3S4,11B7,NES17
TKB898,GV41,T3S5,10C7,NES17
TKB899,GV41,T3C1,10C7,ENG09
TKB900,GV41,T3C2,11B7,ENG09
TKB901,GV41,T3C3,10C5,ENG09
TKB902,GV41,T4S1,11B4,ENG09
TKB903,GV41,T4S2,11B7,NES17
TKB904,GV41,T4S3,10C7,ENG09
TKB905,GV41,T4S4,10C7,ENG09
TKB906,GV41,T4S5,10C5,NES17
TKB907,GV41,T4C1,11B7,ENG09
TKB908,GV41,T4C3,10C5,EXA15
TKB909,GV41,T5S1,11B7,ENG09
TKB910,GV41,T5S2,10C5,NES17
TKB911,GV41,T5S3,10C7,NES17
TKB912,GV41,T5S4,10C7,ENG09
TKB913,GV41,T5S5,11B4,NES17
TKB914,GV41,T5C1,11B4,ENG09
TKB915,GV41,T5C2,10C5,ENG09
TKB916,GV41,T5C3,10C5,ENG09
TKB917,GV42,T2S3,12A8,ENG09
TKB918,GV42,T2S4,10C1,ENG09
TKB919,GV42,T2S5,12A3,ENG09
TKB920,GV42,T2C3,12A8,ENG09
TKB921,GV42,T2C4,12A8,ENG09
TKB922,GV42,T3S1,10C8,NES17
TKB923,GV42,T3S2,10C8,ENG09
TKB924,GV42,T3S3,10C1,NES17
TKB925,GV42,T3S4,10C1,ENG09
TKB926,GV42,T3S5,10C6,NES17
TKB927,GV42,T4S1,10C1,ENG09
TKB928,GV42,T4S2,10C1,ENG09
TKB929,GV42,T4S3,10C6,NES17
TKB930,GV42,T4S4,12A3,ENG09
TKB931,GV42,T4S5,12A3,ENG09
TKB932,GV42,T5S1,10C8,ENG09
TKB933,GV42,T5S2,10C8,ENG09
TKB934,GV42,T5S3,10C1,NES17
TKB935,GV42,T5C1,10C8,NES17
TKB936,GV42,T5C2,10C6,ENG09
TKB937,GV42,T5C3,10C6,ENG09
TKB938,GV42,T6C1,10C6,ENG09
TKB939,GV42,T6C2,10C6,ENG09
TKB940,GV42,T6C3,10C8,ENG09
TKB941,GV43,T2C1,10C11,ENG09
TKB942,GV43,T2C2,10C2,ENG09
TKB943,GV43,T2C3,12A2,ENG09
TKB944,GV43,T2C4,12A1,ENG09
TKB945,GV43,T3S1,10C12,ENG09
TKB946,GV43,T3S2,10C12,ENG09
TKB947,GV43,T3S4,10C2,NES17
TKB948,GV43,T3C1,10C11,ENG09
TKB949,GV43,T3C2,10C2,ENG09
TKB950,GV43,T3C3,10C2,ENG09
TKB951,GV43,T4S1,10C3,NES17
TKB952,GV43,T4S2,10C2,NES17
TKB953,GV43,T4S3,10C12,ENG09
TKB954,GV43,T4S4,10C3,ENG09
TKB955,GV43,T4S5,10C3,ENG09
TKB956,GV43,T5S1,10C3,NES17
TKB957,GV43,T5S2,12A1,ENG09
TKB958,GV43,T5S3,10C2,ENG09
TKB959,GV43,T5S5,10C12,ENG09
TKB960,GV43,T5C1,10C3,ENG09
TKB961,GV43,T5C2,10C12,NES17
TKB962,GV43,T5C3,10C12,NES17
TKB963,GV43,T6S1,10C11,ENG09
TKB964,GV43,T6S2,10C11,ENG09
TKB965,GV43,T6S3,12A1,ENG09
TKB966,GV43,T6S5,12A2,ENG09
TKB967,GV43,T6C1,10C3,ENG09
TKB968,GV43,T6C2,12A2,ENG09
TKB969,GV44,T2S1,11B5,EXA15
TKB970,GV44,T2S2,11B5,EXA15
TKB971,GV44,T2S3,12A5,ENG09
TKB972,GV44,T2S4,11B6,ENG09
TKB973,GV44,T2S5,11B6,ENG09
TKB974,GV44,T2C3,11B5,EXA15
TKB975,GV44,T2C4,11B5,ENG09
TKB976,GV44,T3S1,12A7,ENG09
TKB977,GV44,T3S2,12A7,ENG09
TKB978,GV44,T3S3,11B5,ENG09
TKB979,GV44,T3S4,11B6,NES17
TKB980,GV44,T3S5,11B5,NES17
TKB981,GV44,T4S1,11B5,NES17
TKB982,GV44,T4S2,11B6,ENG09
TKB983,GV44,T4S3,11B6,ENG09
TKB984,GV44,T4S4,12A5,ENG09
TKB985,GV44,T4S5,12A5,ENG09
TKB986,GV44,T4C2,11B5,ENG09
TKB987,GV44,T4C3,11B5,ENG09
TKB988,GV44,T5S1,11B6,NES17
TKB989,GV44,T5S2,12A7,ENG09
TKB990,GV44,T5S3,11B5,EXA15
TKB991,GV45,T2S1,11B3,EXA15
TKB992,GV45,T2S2,11B3,EXA15
TKB993,GV45,T2S4,10C4,ENG09
TKB994,GV45,T2S5,10C4,ENG09
TKB995,GV45,T2C1,11B8,ENG09
TKB996,GV45,T2C2,11B8,ENG09
TKB997,GV45,T3S1,10C4,NES17
TKB998,GV45,T3S2,11B8,NES17
TKB999,GV45,T3S3,10C9,NES17
TKB1000,GV45,T3S4,10C9,ENG09
TKB1001,GV45,T3S5,10C9,ENG09
TKB1002,GV45,T3C1,11B3,EXA15
TKB1003,GV45,T3C2,10C4,ENG09
TKB1004,GV45,T3C3,10C4,ENG09
TKB1005,GV45,T4S1,11B8,NES17
TKB1006,GV45,T4S2,11B3,EXA15
TKB1007,GV45,T4S4,10C4,NES17
TKB1008,GV45,T4S5,11B3,NES17
TKB1009,GV45,T4C1,11B3,ENG09
TKB1010,GV45,T4C2,11B3,ENG09
TKB1011,GV45,T4C3,11B8,ENG09
TKB1012,GV45,T5S1,11B8,ENG09
TKB1013,GV45,T5S2,11B3,NES17
TKB1014,GV45,T5S3,10C9,ENG09
TKB1015,GV45,T5S5,10C9,NES17
TKB1016,GV45,T6C1,11B3,ENG09
TKB1017,GV45,T6C2,11B3,ENG09
TKB1018,GV45,T6C3,10C9,ENG09
TKB1019,GV46,T3S1,11B2,NDE10
TKB1020,GV46,T3S2,11B5,NDE10
TKB1021,GV46,T3S3,12A7,NDE10
TKB1022,GV46,T3S5,12A6,NDE10
TKB1023,GV46,T4S1,11B6,NDE10
TKB1024,GV46,T4S2,12A4,NDE10
TKB1025,GV46,T4S3,12A8,NDE10
TKB1026,GV46,T4S4,12A2,NDE10
TKB1027,GV46,T4S5,12A1,NDE10
TKB1028,GV46,T5S1,12A3,NDE10
TKB1029,GV46,T5S2,11B8,NDE10
TKB1030,GV46,T5S3,12A5,NDE10
TKB1031,GV46,T5S4,11B3,NDE10
TKB1032,GV46,T5C1,11B7,NDE10
TKB1033,GV46,T5C2,11B4,NDE10
TKB1034,GV46,T5C3,11B9,NDE10
TKB1035,GV47,T2S3,10C8,NDE10
TKB1036,GV47,T2S4,11B8,LOC16
TKB1037,GV47,T2S5,11B1,NDE10
TKB1038,GV47,T3S2,10C9,NDE10
TKB1039,GV47,T3S3,10C6,NDE10
TKB1040,GV47,T3S5,11B10,NDE10
TKB1041,GV47,T4S1,10C2,NDE10
TKB1042,GV47,T4S2,10C5,NDE10
TKB1043,GV47,T4S4,10C1,NDE10
TKB1044,GV47,T4S5,10C4,NDE10
TKB1045,GV47,T5S1,11B10,LOC16
TKB1046,GV47,T5S2,10C11,NDE10
TKB1047,GV47,T5S3,10C3,NDE10
TKB1048,GV47,T5S5,11B11,NDE10
TKB1049,GV47,T5C1,10C12,NDE10
TKB1050,GV47,T5C2,10C10,NDE10
TKB1051,GV47,T5C3,10C7,NDE10
TKB1052,GV48,T2C3,11B7,PE11
TKB1053,GV48,T2C4,11B7,PE11
TKB1054,GV48,T3S1,10C1,PE11
TKB1055,GV48,T3S2,10C1,PE11
TKB1056,GV48,T3S4,12A8,PE11
TKB1057,GV48,T3S5,12A8,PE11
TKB1058,GV48,T3C2,10C7,PE11
TKB1059,GV48,T3C3,10C7,PE11
TKB1060,GV48,T4S1,10C10,PE11
TKB1061,GV48,T4S2,10C10,PE11
TKB1062,GV48,T5S2,10C4,PE11
TKB1063,GV48,T5S3,10C4,PE11
TKB1064,GV48,T5S4,11B10,PE11
TKB1065,GV48,T5S5,11B10,PE11
TKB1066,GV48,T5C2,11B8,PE11
TKB1067,GV48,T5C3,11B8,PE11
TKB1068,GV48,T6S1,11B9,PE11
TKB1069,GV48,T6S2,11B9,PE11
TKB1070,GV48,T6S4,11B11,PE11
TKB1071,GV48,T6S5,11B11,PE11
TKB1072,GV49,T2C1,11B5,PE11
TKB1073,GV49,T2C2,11B5,PE11
TKB1074,GV49,T2C3,11B2,PE11
TKB1075,GV49,T2C4,11B2,PE11
TKB1076,GV49,T3S1,10C2,PE11
TKB1077,GV49,T3S2,10C2,PE11
TKB1078,GV49,T3S3,11B3,PE11
TKB1079,GV49,T3S4,11B3,PE11
TKB1080,GV49,T4S1,10C1,PE11
TKB1081,GV49,T4S2,10C1,PE11
TKB1082,GV49,T4S4,11B1,PE11
TKB1083,GV49,T4S5,11B1,PE11
TKB1084,GV49,T4C1,10C8,PE11
TKB1085,GV49,T4C2,10C8,PE11
TKB1086,GV49,T6S1,11B6,PE11
TKB1087,GV49,T6S2,11B6,PE11
TKB1088,GV49,T6S3,11B4,PE11
TKB1089,GV49,T6S4,11B4,PE11
TKB1090,GV49,T6C2,10C5,PE11
TKB1091,GV49,T6C3,10C5,PE11
TKB1092,GV50,T2C1,12A7,PE11
TKB1093,GV50,T2C2,12A7,PE11
TKB1094,GV50,T2C3,12A5,PE11
TKB1095,GV50,T2C4,12A5,PE11
TKB1096,GV50,T3S1,10C3,PE11
TKB1097,GV50,T3S2,10C3,PE11
TKB1098,GV50,T3S4,12A3,PE11
TKB1099,GV50,T3S5,12A3,PE11
TKB1100,GV50,T3C2,10C6,PE11
TKB1101,GV50,T3C3,10C6,PE11
TKB1102,GV50,T4S1,10C12,PE11
TKB1103,GV50,T4S2,10C12,PE11
TKB1104,GV50,T4S3,12A6,PE11
TKB1105,GV50,T4S4,12A6,PE11
TKB1106,GV50,T4C2,10C9,PE11
TKB1107,GV50,T4C3,10C9,PE11
TKB1108,GV50,T5S1,12A4,PE11
TKB1109,GV50,T5S2,12A4,PE11
TKB1110,GV50,T5S3,12A2,PE11
TKB1111,GV50,T5S4,12A2,PE11
TKB1112,GV50,T6C2,12A1,PE11
TKB1113,GV50,T6C3,12A1,PE11
TKB1114,GV51,T2S1,10C9,EXA15
TKB1115,GV51,T2S2,10C9,EXA15
TKB1116,GV51,T3S1,10C9,EXA15
TKB1117,GV51,T3S3,11B7,CIV12
TKB1118,GV51,T3S4,11B9,CIV12
TKB1119,GV51,T3S5,10C8,CIV12
TKB1120,GV51,T4S3,10C2,CIV12
TKB1121,GV51,T4S4,10C8,CIV12
TKB1122,GV51,T4S5,11B9,CIV12
TKB1123,GV51,T4C1,10C9,CIV12
TKB1124,GV51,T4C2,11B7,LOC16
TKB1125,GV51,T4C3,11B7,CIV12
TKB1126,GV51,T6S1,10C3,CIV12
TKB1127,GV51,T6S2,10C3,CIV12
TKB1128,GV51,T6S3,10C9,EXA15
TKB1129,GV51,T6S4,10C9,CIV12
TKB1130,GV51,T6C1,10C2,CIV12
TKB1131,GV51,T6C3,11B9,LOC16
TKB1132,GV52,T2S5,12A8,CIV12
TKB1133,GV52,T3S1,11B11,CIV12
TKB1134,GV52,T3S3,11B8,CIV12
TKB1135,GV52,T3S4,12A7,CIV12
TKB1136,GV52,T3S5,11B4,CIV12
TKB1137,GV52,T3C1,12A8,CIV12
TKB1138,GV52,T3C2,11B4,CIV12
TKB1139,GV52,T4C1,11B11,CIV12
TKB1140,GV52,T4C2,11B10,CIV12
TKB1141,GV52,T4C3,11B10,CIV12
TKB1142,GV52,T6S1,12A8,CIV12
TKB1143,GV52,T6S3,12A7,CIV12
TKB1144,GV52,T6S4,12A7,CIV12
TKB1145,GV52,T6C1,11B8,CIV12
TKB1146,GV52,T6C2,11B11,CIV12
TKB1147,GV52,T6C3,11B10,CIV12
TKB1148,GV53,T2S1,10C7,EXA15
TKB1149,GV53,T2S2,10C7,EXA15
TKB1150,GV53,T2S3,12A6,CIV12
TKB1151,GV53,T2S4,10C7,EXA15
TKB1152,GV53,T2S5,10C1,CIV12
TKB1153,GV53,T3C1,12A5,CIV12
TKB1154,GV53,T3C3,10C10,CIV12
TKB1155,GV53,T4S2,12A6,CIV12
TKB1156,GV53,T4S3,10C1,CIV12
TKB1157,GV53,T4S4,10C12,CIV12
TKB1158,GV53,T4S5,10C11,CIV12
TKB1159,GV53,T4C1,10C7,CIV12
TKB1160,GV53,T4C3,10C10,CIV12
TKB1161,GV53,T6S1,12A5,CIV12
TKB1162,GV53,T6S2,10C12,CIV12
TKB1163,GV53,T6S3,10C12,CIV12
TKB1164,GV53,T6S5,10C11,CIV12
TKB1165,GV53,T6C1,10C7,CIV12
TKB1166,GV53,T6C3,10C7,EXA15
